Model,RMSE
XGBoost,12.08390804635549
Log,12.85217391363556
Sqrt,12.25264517989383
